Route_name,Route_link
Delhi to Shimla,https://www.redbus.in/bus-tickets/delhi-to-shimla
Shimla to Delhi,https://www.redbus.in/bus-tickets/shimla-to-delhi
Manali to Chandigarh,https://www.redbus.in/bus-tickets/manali-to-chandigarh
Chandigarh to Manali,https://www.redbus.in/bus-tickets/chandigarh-to-manali
Delhi to Manali,https://www.redbus.in/bus-tickets/delhi-to-manali
Hamirpur (Himachal Pradesh) to Chandigarh,https://www.redbus.in/bus-tickets/hamirpur-himachal-pradesh-to-chandigarh
Delhi to Hamirpur (Himachal Pradesh),https://www.redbus.in/bus-tickets/delhi-to-hamirpur-himachal-pradesh
Delhi to Chandigarh,https://www.redbus.in/bus-tickets/delhi-to-chandigarh
Manali to Delhi,https://www.redbus.in/bus-tickets/manali-to-delhi
Hamirpur (Himachal Pradesh) to Delhi,https://www.redbus.in/bus-tickets/hamirpur-himachal-pradesh-to-delhi
Delhi to Shimla,https://www.redbus.in/bus-tickets/delhi-to-shimla
Shimla to Delhi,https://www.redbus.in/bus-tickets/shimla-to-delhi
Manali to Chandigarh,https://www.redbus.in/bus-tickets/manali-to-chandigarh
Chandigarh to Manali,https://www.redbus.in/bus-tickets/chandigarh-to-manali
Delhi to Manali,https://www.redbus.in/bus-tickets/delhi-to-manali
Hamirpur (Himachal Pradesh) to Chandigarh,https://www.redbus.in/bus-tickets/hamirpur-himachal-pradesh-to-chandigarh
Delhi to Hamirpur (Himachal Pradesh),https://www.redbus.in/bus-tickets/delhi-to-hamirpur-himachal-pradesh
Delhi to Chandigarh,https://www.redbus.in/bus-tickets/delhi-to-chandigarh
Manali to Delhi,https://www.redbus.in/bus-tickets/manali-to-delhi
Hamirpur (Himachal Pradesh) to Delhi,https://www.redbus.in/bus-tickets/hamirpur-himachal-pradesh-to-delhi
Delhi to Shimla,https://www.redbus.in/bus-tickets/delhi-to-shimla
Shimla to Delhi,https://www.redbus.in/bus-tickets/shimla-to-delhi
Manali to Chandigarh,https://www.redbus.in/bus-tickets/manali-to-chandigarh
Chandigarh to Manali,https://www.redbus.in/bus-tickets/chandigarh-to-manali
Delhi to Manali,https://www.redbus.in/bus-tickets/delhi-to-manali
Hamirpur (Himachal Pradesh) to Chandigarh,https://www.redbus.in/bus-tickets/hamirpur-himachal-pradesh-to-chandigarh
Delhi to Hamirpur (Himachal Pradesh),https://www.redbus.in/bus-tickets/delhi-to-hamirpur-himachal-pradesh
Delhi to Chandigarh,https://www.redbus.in/bus-tickets/delhi-to-chandigarh
Manali to Delhi,https://www.redbus.in/bus-tickets/manali-to-delhi
Hamirpur (Himachal Pradesh) to Delhi,https://www.redbus.in/bus-tickets/hamirpur-himachal-pradesh-to-delhi
Delhi to Shimla,https://www.redbus.in/bus-tickets/delhi-to-shimla
Shimla to Delhi,https://www.redbus.in/bus-tickets/shimla-to-delhi
Manali to Chandigarh,https://www.redbus.in/bus-tickets/manali-to-chandigarh
Chandigarh to Manali,https://www.redbus.in/bus-tickets/chandigarh-to-manali
Delhi to Manali,https://www.redbus.in/bus-tickets/delhi-to-manali
Hamirpur (Himachal Pradesh) to Chandigarh,https://www.redbus.in/bus-tickets/hamirpur-himachal-pradesh-to-chandigarh
Delhi to Hamirpur (Himachal Pradesh),https://www.redbus.in/bus-tickets/delhi-to-hamirpur-himachal-pradesh
Delhi to Chandigarh,https://www.redbus.in/bus-tickets/delhi-to-chandigarh
Manali to Delhi,https://www.redbus.in/bus-tickets/manali-to-delhi
Hamirpur (Himachal Pradesh) to Delhi,https://www.redbus.in/bus-tickets/hamirpur-himachal-pradesh-to-delhi
Delhi to Shimla,https://www.redbus.in/bus-tickets/delhi-to-shimla
Shimla to Delhi,https://www.redbus.in/bus-tickets/shimla-to-delhi
Manali to Chandigarh,https://www.redbus.in/bus-tickets/manali-to-chandigarh
Chandigarh to Manali,https://www.redbus.in/bus-tickets/chandigarh-to-manali
Delhi to Manali,https://www.redbus.in/bus-tickets/delhi-to-manali
Hamirpur (Himachal Pradesh) to Chandigarh,https://www.redbus.in/bus-tickets/hamirpur-himachal-pradesh-to-chandigarh
Delhi to Hamirpur (Himachal Pradesh),https://www.redbus.in/bus-tickets/delhi-to-hamirpur-himachal-pradesh
Delhi to Chandigarh,https://www.redbus.in/bus-tickets/delhi-to-chandigarh
Manali to Delhi,https://www.redbus.in/bus-tickets/manali-to-delhi
Hamirpur (Himachal Pradesh) to Delhi,https://www.redbus.in/bus-tickets/hamirpur-himachal-pradesh-to-delhi
